text,category,source,cleaned_text,mapped_category
There is a problem in our colony. Emergency response delayed despite multiple calls,Law Enforcement Issue,synthetic,problem colony emergency response delayed despite multiple call,Law Enforcement Issue
Serious problem: Public fund diverted for private functions,Financial Issue,synthetic,serious problem public fund diverted private function,Financial Issue
I want to report: School principal asking for donation for admission,Corruption,synthetic,want report school principal asking donation admission,Corruption
Requesting immediate action: Property registration delayed without explanation,Service Delay,synthetic,requesting immediate action property registration delayed without explanation,Service Delay
There is a problem in our colony. Staff at registrar office asking for bribe for land record,Corruption,synthetic,problem colony staff registrar office asking bribe land record,Corruption
Police brutality during questioning,Law Enforcement Issue,synthetic,police brutality questioning,Law Enforcement Issue
Issue: Illegal dumping of waste in residential area Please help.,Utility Issue,synthetic,issue illegal dumping waste residential area please help,Utility Issue
Urgent: Service tax charged after it was abolished,Financial Issue,synthetic,urgent service tax charged abolished,Financial Issue
I want to report: Trade license renewal taking forever,Service Delay,synthetic,want report trade license renewal taking forever,Service Delay
Serious problem: Hidden charges in bank statement,Financial Issue,synthetic,serious problem hidden charge bank statement,Financial Issue
Hidden charges in bank statement,Financial Issue,synthetic,hidden charge bank statement,Financial Issue
Urgent: Illegal commission charged for permit approval,Corruption,synthetic,urgent illegal commission charged permit approval,Corruption
Requesting immediate action: Fake vouchers submitted for government travel reimbursement,Corruption,synthetic,requesting immediate action fake voucher submitted government travel reimbursement,Corruption
Requesting immediate action: Provident fund withdrawal stuck in system,Financial Issue,synthetic,requesting immediate action provident fund withdrawal stuck system,Financial Issue
Water pipeline leaking causing road damage,Utility Issue,synthetic,water pipeline leaking causing road damage,Utility Issue
Hospital staff charging for free medicines provided by government,Corruption,synthetic,hospital staff charging free medicine provided government,Corruption
Issue: Delay in response from fire department Please help.,Service Delay,synthetic,issue delay response fire department please help,Service Delay
Serious problem: Threatened by landlord who is a government servant,Harassment,synthetic,serious problem threatened landlord government servant,Harassment
There is a problem in our colony. Pension not credited to account for three months,Financial Issue,synthetic,problem colony pension credited account three month,Financial Issue
Issue: No feedback on previous complaints for weeks Please help.,Service Delay,synthetic,issue feedback previous complaint week please help,Service Delay
Requesting immediate action: Harassed by inspector during routine check,Harassment,synthetic,requesting immediate action harassed inspector routine check,Harassment
"Dear Sir, Hostile work environment due to constant criticism",Harassment,synthetic,dear sir hostile work environment due constant criticism,Harassment
Urgent: Garbage not collected from our street regularly,Utility Issue,synthetic,urgent garbage collected street regularly,Utility Issue
Requesting immediate action: Misuse of public funds in road construction project,Corruption,synthetic,requesting immediate action misuse public fund road construction project,Corruption
I am facing a major issue. Drainage blocked causing flooding during rain,Utility Issue,synthetic,facing major issue drainage blocked causing flooding rain,Utility Issue
I am facing a major issue. Threatened with termination for filing complaint,Harassment,synthetic,facing major issue threatened termination filing complaint,Harassment
Digital signature error preventing file upload for days,Service Delay,synthetic,digital signature error preventing file upload day,Service Delay
There is a problem in our colony. Illegal dumping of waste in residential area,Utility Issue,synthetic,problem colony illegal dumping waste residential area,Utility Issue
There is a problem in our colony. No feedback on previous complaints for weeks,Service Delay,synthetic,problem colony feedback previous complaint week,Service Delay
Broken power line hanging dangerously,Utility Issue,synthetic,broken power line hanging dangerously,Utility Issue
Issue: Unexplained fees for government services Please help.,Financial Issue,synthetic,issue unexplained fee government service please help,Financial Issue
Complaint regarding: Persistent harassment from neighbor with police ties,Harassment,synthetic,complaint regarding persistent harassment neighbor police tie,Harassment
I am facing a major issue. Persistent harassment from neighbor with police ties,Harassment,synthetic,facing major issue persistent harassment neighbor police tie,Harassment
Complaint regarding: Dead animals lying on the street not removed,Utility Issue,synthetic,complaint regarding dead animal lying street removed,Utility Issue
"Dear Sir, File moving too slowly between departments",Service Delay,synthetic,dear sir file moving slowly department,Service Delay
I am facing a major issue. Income certificate verification is pending with tehsildar,Service Delay,synthetic,facing major issue income certificate verification pending tehsildar,Service Delay
Government official demanded bribe for processing my application,Corruption,synthetic,government official demanded bribe processing application,Corruption
I want to report: Low water pressure making it hard to use,Utility Issue,synthetic,want report low water pressure making hard use,Utility Issue
Complaint regarding: Inappropriate physical contact during work,Harassment,synthetic,complaint regarding inappropriate physical contact work,Harassment
Serious problem: Assault victim being pressurized to reach a settlement,Law Enforcement Issue,synthetic,serious problem assault victim pressurized reach settlement,Law Enforcement Issue
I am facing a major issue. Officer asked for money under the table to clear my file,Corruption,synthetic,facing major issue officer asked money table clear file,Corruption
Serious problem: Broken power line hanging dangerously,Utility Issue,synthetic,serious problem broken power line hanging dangerously,Utility Issue
Account hacked and money stolen,Financial Issue,synthetic,account hacked money stolen,Financial Issue
Complaint regarding: Sewage overflow on the main road near our house,Utility Issue,synthetic,complaint regarding sewage overflow main road near house,Utility Issue
Urgent: Potholes on the main highway causing traffic,Utility Issue,synthetic,urgent pothole main highway causing traffic,Utility Issue
Issue: Staff at registrar office asking for bribe for land record Please help.,Corruption,synthetic,issue staff registrar office asking bribe land record please help,Corruption
Issue: Favoritism shown in awarding government contracts Please help.,Corruption,synthetic,issue favoritism shown awarding government contract please help,Corruption
Issue: Poor road conditions with multiple potholes Please help.,Utility Issue,synthetic,issue poor road condition multiple pothole please help,Utility Issue
I am facing a major issue. Refusal of leave for genuine medical emergency as punishment,Harassment,synthetic,facing major issue refusal leave genuine medical emergency punishment,Harassment
I am facing a major issue. Public tap is broken and wasting tons of water,Utility Issue,synthetic,facing major issue public tap broken wasting ton water,Utility Issue
Serious problem: Drug dealing in front of police station,Law Enforcement Issue,synthetic,serious problem drug dealing front police station,Law Enforcement Issue
Complaint regarding: Public tap is broken and wasting tons of water,Utility Issue,synthetic,complaint regarding public tap broken wasting ton water,Utility Issue
There is a problem in our colony. Salary delayed for three months,Financial Issue,synthetic,problem colony salary delayed three month,Financial Issue
Complaint regarding: Traffic sergeant took my license without a receipt,Law Enforcement Issue,synthetic,complaint regarding traffic sergeant took license without receipt,Law Enforcement Issue
I want to report: No action against repeated domestic violence,Law Enforcement Issue,synthetic,want report action repeated domestic violence,Law Enforcement Issue
I am facing a major issue. Sewage overflow on the main road near our house,Utility Issue,synthetic,facing major issue sewage overflow main road near house,Utility Issue
Requesting immediate action: Garbage not collected from our street regularly,Utility Issue,synthetic,requesting immediate action garbage collected street regularly,Utility Issue
Serious problem: Officer taking money to hide illegal construction,Corruption,synthetic,serious problem officer taking money hide illegal construction,Corruption
Water smells like chemicals in our taps,Utility Issue,synthetic,water smell like chemical tap,Utility Issue
"Dear Sir, Zoning laws violated after payment to official",Corruption,synthetic,dear sir zoning law violated payment official,Corruption
There is a problem in our colony. Officer demanding percentage of my contract payment,Corruption,synthetic,problem colony officer demanding percentage contract payment,Corruption
Urgent: Fraudulent transaction on debit card,Financial Issue,synthetic,urgent fraudulent transaction debit card,Financial Issue
I want to report: Zoning laws violated after payment to official,Corruption,synthetic,want report zoning law violated payment official,Corruption
There is a problem in our colony. Driving license renewal taking too long,Service Delay,synthetic,problem colony driving license renewal taking long,Service Delay
Requesting immediate action: Land records update request ignored,Service Delay,synthetic,requesting immediate action land record update request ignored,Service Delay
Inordinate delay in processing industrial permit,Service Delay,synthetic,inordinate delay processing industrial permit,Service Delay
Serious problem: Death certificate application is stuck for 40 days,Service Delay,synthetic,serious problem death certificate application stuck day,Service Delay
Serious problem: Hospital staff charging for free medicines provided by government,Corruption,synthetic,serious problem hospital staff charging free medicine provided government,Corruption
I want to report: Illegal search and seizure without warrant,Law Enforcement Issue,synthetic,want report illegal search seizure without warrant,Law Enforcement Issue
Urgent: Traffic sergeant demanding money for no reason,Corruption,synthetic,urgent traffic sergeant demanding money reason,Corruption
There is a problem in our colony. Favoritism shown in awarding government contracts,Corruption,synthetic,problem colony favoritism shown awarding government contract,Corruption
"Dear Sir, Tax inspector demanding bribe to reduce assessment",Corruption,synthetic,dear sir tax inspector demanding bribe reduce assessment,Corruption
Complaint regarding: Incorrect tax assessment on my property,Financial Issue,synthetic,complaint regarding incorrect tax assessment property,Financial Issue
Incorrect income tax refund amount,Financial Issue,synthetic,incorrect income tax refund amount,Financial Issue
Issue: Corruption within the police department Please help.,Law Enforcement Issue,synthetic,issue corruption within police department please help,Law Enforcement Issue
Urgent: Credit card charged for services not availed,Financial Issue,synthetic,urgent credit card charged service availed,Financial Issue
There is a problem in our colony. Ration card application still under process,Service Delay,synthetic,problem colony ration card application still process,Service Delay
There is a problem in our colony. Traffic laws not enforced on high-speed road,Law Enforcement Issue,synthetic,problem colony traffic law enforced high speed road,Law Enforcement Issue
Complaint regarding: Traffic police demanding illegal fine,Law Enforcement Issue,synthetic,complaint regarding traffic police demanding illegal fine,Law Enforcement Issue
Urgent: Irrigation water diverted to big farms through bribery,Corruption,synthetic,urgent irrigation water diverted big farm bribery,Corruption
Complaint regarding: Failure to serve court summons,Law Enforcement Issue,synthetic,complaint regarding failure serve court summons,Law Enforcement Issue
Serious problem: Mental torture by management,Harassment,synthetic,serious problem mental torture management,Harassment
Issue: Ration card application still under process Please help.,Service Delay,synthetic,issue ration card application still process please help,Service Delay
I want to report: Freedom fighter pension application hasn't moved for a year,Service Delay,synthetic,want report freedom fighter pension application moved year,Service Delay
"Dear Sir, Low water pressure making it hard to use",Utility Issue,synthetic,dear sir low water pressure making hard use,Utility Issue
I want to report: Electricity meter showing wrong readings,Utility Issue,synthetic,want report electricity meter showing wrong reading,Utility Issue
I am facing a major issue. Hit and run case not being investigated properly,Law Enforcement Issue,synthetic,facing major issue hit run case investigated properly,Law Enforcement Issue
Supervisor making inappropriate comments at workplace,Harassment,synthetic,supervisor making inappropriate comment workplace,Harassment
Urgent: Official at counter says the system is down for a week,Service Delay,synthetic,urgent official counter say system week,Service Delay
Requesting immediate action: Unauthorized deductions from my salary,Financial Issue,synthetic,requesting immediate action unauthorized deduction salary,Financial Issue
Issue: Police officer asking for bribe to release vehicle Please help.,Corruption,synthetic,issue police officer asking bribe release vehicle please help,Corruption
Complaint regarding: No action taken on complaint filed last month,Service Delay,synthetic,complaint regarding action taken complaint filed last month,Service Delay
Serious problem: Constant calls at night from office supervisor,Harassment,synthetic,serious problem constant call night office supervisor,Harassment
I want to report: Government employee asking for extra money for service,Corruption,synthetic,want report government employee asking extra money service,Corruption
I want to report: Stock market fraud affecting my savings,Financial Issue,synthetic,want report stock market fraud affecting saving,Financial Issue
Requesting immediate action: Cyberbullying by colleagues on social media groups,Harassment,synthetic,requesting immediate action cyberbullying colleague social medium group,Harassment
I want to report: No lady constable present during my arrest at night,Law Enforcement Issue,synthetic,want report lady constable present arrest night,Law Enforcement Issue
"Dear Sir, Cyber crime department not taking my case seriously",Law Enforcement Issue,synthetic,dear sir cyber crime department taking case seriously,Law Enforcement Issue
"Dear Sir, Fake accounts used to siphon off welfare money",Financial Issue,synthetic,dear sir fake account used siphon welfare money,Financial Issue
I want to report: Stray cattle causing traffic issues on main road,Utility Issue,synthetic,want report stray cattle causing traffic issue main road,Utility Issue
Requesting immediate action: Fraudulent transaction on debit card,Financial Issue,synthetic,requesting immediate action fraudulent transaction debit card,Financial Issue
I want to report: GST calculation error on business taxes,Financial Issue,synthetic,want report gst calculation error business tax,Financial Issue
I want to report: Intimidation to withdraw legal case,Harassment,synthetic,want report intimidation withdraw legal case,Harassment
I am facing a major issue. Traffic police demanding illegal fine,Law Enforcement Issue,synthetic,facing major issue traffic police demanding illegal fine,Law Enforcement Issue
Urgent: Gas supply interrupted without any notice,Utility Issue,synthetic,urgent gas supply interrupted without any notice,Utility Issue
There is a problem in our colony. Police officer asking for bribe to release vehicle,Corruption,synthetic,problem colony police officer asking bribe release vehicle,Corruption
Serious problem: Verbal abuse from government official during visit,Harassment,synthetic,serious problem verbal abuse government official visit,Harassment
Complaint regarding: Public land sold illegally by corrupted officials,Corruption,synthetic,complaint regarding public land sold illegally corrupted official,Corruption
Issue: Name correction in school records is taking ages Please help.,Service Delay,synthetic,issue name correction school record taking age please help,Service Delay
Issue: Student grant money never arrived in bank Please help.,Financial Issue,synthetic,issue student grant money never arrived bank please help,Financial Issue
Issue: Emergency response delayed despite multiple calls Please help.,Law Enforcement Issue,synthetic,issue emergency response delayed despite multiple call please help,Law Enforcement Issue
Requesting immediate action: Police vehicle used for personal errands while calls pending,Law Enforcement Issue,synthetic,requesting immediate action police vehicle used personal errand call pending,Law Enforcement Issue
Issue: Delay in processing student scholarship Please help.,Service Delay,synthetic,issue delay processing student scholarship please help,Service Delay
"Dear Sir, Wrongful arrest based on false information",Law Enforcement Issue,synthetic,dear sir wrongful arrest based false information,Law Enforcement Issue
I am facing a major issue. Dead animals lying on the street not removed,Utility Issue,synthetic,facing major issue dead animal lying street removed,Utility Issue
Urgent: Gender-based violence ignored by supervisor,Harassment,synthetic,urgent gender based violence ignored supervisor,Harassment
Constant calls at night from office supervisor,Harassment,synthetic,constant call night office supervisor,Harassment
There is a problem in our colony. Streetlights not working in our colony for weeks,Utility Issue,synthetic,problem colony streetlight working colony week,Utility Issue
Issue: Dust pollution from construction site without covers Please help.,Utility Issue,synthetic,issue dust pollution construction site without cover please help,Utility Issue
I am facing a major issue. Lack of police patrolling at night,Law Enforcement Issue,synthetic,facing major issue lack police patrolling night,Law Enforcement Issue
Issue: Facing discrimination due to my gender Please help.,Harassment,synthetic,issue facing discrimination due gender please help,Harassment
I want to report: No response to RTI application filed three months ago,Service Delay,synthetic,want report response rti application filed three month ago,Service Delay
I am facing a major issue. Illegal gambling den running with local police support,Law Enforcement Issue,synthetic,facing major issue illegal gambling den running local police support,Law Enforcement Issue
"Dear Sir, Mental health issues caused by toxic workspace",Harassment,synthetic,dear sir mental health issue caused toxic workspace,Harassment
Urgent: Street flooding after every minor rain,Utility Issue,synthetic,urgent street flooding every minor rain,Utility Issue
"Dear Sir, Discriminated against based on my caste",Harassment,synthetic,dear sir discriminated based caste,Harassment
I am facing a major issue. Denial of promotion due to personal grudge,Harassment,synthetic,facing major issue denial promotion due personal grudge,Harassment
Complaint regarding: Income certificate verification is pending with tehsildar,Service Delay,synthetic,complaint regarding income certificate verification pending tehsildar,Service Delay
I am facing a major issue. Casteist slurs used against me in office,Harassment,synthetic,facing major issue casteist slur used office,Harassment
"Dear Sir, Withholding my salary as a means of control",Harassment,synthetic,dear sir withholding salary mean control,Harassment
I am facing a major issue. Application lost in transit between offices,Service Delay,synthetic,facing major issue application lost transit office,Service Delay
There is a problem in our colony. Discriminatory behavior by school staff,Harassment,synthetic,problem colony discriminatory behavior school staff,Harassment
Requesting immediate action: Gas supply interrupted without any notice,Utility Issue,synthetic,requesting immediate action gas supply interrupted without any notice,Utility Issue
Issue: Bank teller stole money from my fixed deposit Please help.,Financial Issue,synthetic,issue bank teller stole money fixed deposit please help,Financial Issue
Issue: Security clearance for employment is taking forever Please help.,Service Delay,synthetic,issue security clearance employment taking forever please help,Service Delay
There is a problem in our colony. Broken street sign causing confusion,Utility Issue,synthetic,problem colony broken street sign causing confusion,Utility Issue
Sewer lines are choked and backing up into basements,Utility Issue,synthetic,sewer line choked backing basement,Utility Issue
"Dear Sir, Frequent power outages affecting our neighborhood",Utility Issue,synthetic,dear sir frequent power outage affecting neighborhood,Utility Issue
"Dear Sir, No lady constable present during my arrest at night",Law Enforcement Issue,synthetic,dear sir lady constable present arrest night,Law Enforcement Issue
I am facing a major issue. Discrepancy in pension payments,Financial Issue,synthetic,facing major issue discrepancy pension payment,Financial Issue
Urgent: Missing child case handled poorly,Law Enforcement Issue,synthetic,urgent missing child case handled poorly,Law Enforcement Issue
No water supply in our area for the past three days,Utility Issue,synthetic,water supply area past three day,Utility Issue
Contaminated water coming from public pump,Utility Issue,synthetic,contaminated water coming public pump,Utility Issue
Complaint regarding: Unfair interest rate on government loan,Financial Issue,synthetic,complaint regarding unfair interest rate government loan,Financial Issue
"Dear Sir, Voter list manipulation by election officers",Corruption,synthetic,dear sir voter list manipulation election officer,Corruption
I am facing a major issue. Audit findings show financial discrepancy,Financial Issue,synthetic,facing major issue audit finding show financial discrepancy,Financial Issue
There is a problem in our colony. Bounced check from government department,Financial Issue,synthetic,problem colony bounced check government department,Financial Issue
Issue: Salary delayed for three months Please help.,Financial Issue,synthetic,issue salary delayed three month please help,Financial Issue
Requesting immediate action: Potholes on the main highway causing traffic,Utility Issue,synthetic,requesting immediate action pothole main highway causing traffic,Utility Issue
There is a problem in our colony. Illegal construction on storm water drains,Utility Issue,synthetic,problem colony illegal construction storm water drain,Utility Issue
Requesting immediate action: Illegal recruitment process in government department,Corruption,synthetic,requesting immediate action illegal recruitment process government department,Corruption
There is a problem in our colony. Nepotism in hiring at the municipal office,Corruption,synthetic,problem colony nepotism hiring municipal office,Corruption
I want to report: Cyber crime department not taking my case seriously,Law Enforcement Issue,synthetic,want report cyber crime department taking case seriously,Law Enforcement Issue
Urgent: Abuse of authority to target personal enemies,Harassment,synthetic,urgent abuse authority target personal enemy,Harassment
"Dear Sir, Drought relief fund not distributed correctly",Financial Issue,synthetic,dear sir drought relief fund distributed correctly,Financial Issue
There is a problem in our colony. Poor road conditions with multiple potholes,Utility Issue,synthetic,problem colony poor road condition multiple pothole,Utility Issue
Requesting immediate action: Criminal roaming free despite evidence,Law Enforcement Issue,synthetic,requesting immediate action criminal roaming free despite evidence,Law Enforcement Issue
"Dear Sir, Street sweepers never come to our lane",Utility Issue,synthetic,dear sir street sweeper never come lane,Utility Issue
Requesting immediate action: Official at counter says the system is down for a week,Service Delay,synthetic,requesting immediate action official counter say system week,Service Delay
"Dear Sir, No response to RTI application filed three months ago",Service Delay,synthetic,dear sir response rti application filed three month ago,Service Delay
Public fund diverted for private functions,Financial Issue,synthetic,public fund diverted private function,Financial Issue
Issue: Discriminatory behavior by school staff Please help.,Harassment,synthetic,issue discriminatory behavior school staff please help,Harassment
Bribe requested for passport verification,Corruption,synthetic,bribe requested passport verification,Corruption
I am facing a major issue. Unfair interest rate on government loan,Financial Issue,synthetic,facing major issue unfair interest rate government loan,Financial Issue
"Dear Sir, Bank refusing to process my loan application",Financial Issue,synthetic,dear sir bank refusing process loan application,Financial Issue
"Dear Sir, Failure to pay contract workers on time",Financial Issue,synthetic,dear sir failure pay contract worker time,Financial Issue
Serious problem: Water pipeline leaking causing road damage,Utility Issue,synthetic,serious problem water pipeline leaking causing road damage,Utility Issue
There is a problem in our colony. Insurance claim rejected without valid reason,Financial Issue,synthetic,problem colony insurance claim rejected without valid reason,Financial Issue
I am facing a major issue. Incorrect tax assessment on my property,Financial Issue,synthetic,facing major issue incorrect tax assessment property,Financial Issue
"Dear Sir, GST calculation error on business taxes",Financial Issue,synthetic,dear sir gst calculation error business tax,Financial Issue
Serious problem: Incorrect income tax refund amount,Financial Issue,synthetic,serious problem incorrect income tax refund amount,Financial Issue
There is a problem in our colony. Religious discrimination in public service,Harassment,synthetic,problem colony religious discrimination public service,Harassment
I want to report: Hostile work environment due to constant criticism,Harassment,synthetic,want report hostile work environment due constant criticism,Harassment
Complaint regarding: Hit and run case not being investigated properly,Law Enforcement Issue,synthetic,complaint regarding hit run case investigated properly,Law Enforcement Issue
Requesting immediate action: Forced into overtime without pay through threats,Harassment,synthetic,requesting immediate action forced overtime without pay threat,Harassment
Serious problem: No update on application for housing scheme,Service Delay,synthetic,serious problem update application housing scheme,Service Delay
There is a problem in our colony. Bank teller stole money from my fixed deposit,Financial Issue,synthetic,problem colony bank teller stole money fixed deposit,Financial Issue
Urgent: Error in interest calculation for mortgage,Financial Issue,synthetic,urgent error interest calculation mortgage,Financial Issue
Serious problem: Water tank is never cleaned and full of moss,Utility Issue,synthetic,serious problem water tank never cleaned full moss,Utility Issue
I want to report: Withholding my salary as a means of control,Harassment,synthetic,want report withholding salary mean control,Harassment
I am facing a major issue. Garbage bin overflowing in public park,Utility Issue,synthetic,facing major issue garbage bin overflowing public park,Utility Issue
Complaint regarding: Casteist slurs used against me in office,Harassment,synthetic,complaint regarding casteist slur used office,Harassment
There is a problem in our colony. Delay in response from fire department,Service Delay,synthetic,problem colony delay response fire department,Service Delay
I am facing a major issue. Crop insurance premium deducted but claim not paid,Financial Issue,synthetic,facing major issue crop insurance premium deducted claim paid,Financial Issue
Urgent: Criminal roaming free despite evidence,Law Enforcement Issue,synthetic,urgent criminal roaming free despite evidence,Law Enforcement Issue
Urgent: Malfunctioning traffic lights at main crossing,Utility Issue,synthetic,urgent malfunctioning traffic light main crossing,Utility Issue
Requesting immediate action: Health card issuance delayed,Service Delay,synthetic,requesting immediate action health card issuance delayed,Service Delay
Issue: Funds allocated for school being stolen by officials Please help.,Corruption,synthetic,issue fund allocated school stolen official please help,Corruption
Harassment of small business owners by officials,Harassment,synthetic,harassment small business owner official,Harassment
Issue: Illegal construction on storm water drains Please help.,Utility Issue,synthetic,issue illegal construction storm water drain please help,Utility Issue
I want to report: Wrongful arrest based on false information,Law Enforcement Issue,synthetic,want report wrongful arrest based false information,Law Enforcement Issue
Urgent: Harassed by inspector during routine check,Harassment,synthetic,urgent harassed inspector routine check,Harassment
Complaint regarding: Drainage blocked causing flooding during rain,Utility Issue,synthetic,complaint regarding drainage blocked causing flooding rain,Utility Issue
I am facing a major issue. Audit of the society reveals missing 5 million,Financial Issue,synthetic,facing major issue audit society reveals missing million,Financial Issue
Complaint regarding: Birth certificate not issued despite multiple visits,Service Delay,synthetic,complaint regarding birth certificate issued despite multiple visit,Service Delay
Issue: Traffic laws not enforced on high-speed road Please help.,Law Enforcement Issue,synthetic,issue traffic law enforced high speed road please help,Law Enforcement Issue
Urgent: Unauthorized deductions from my salary,Financial Issue,synthetic,urgent unauthorized deduction salary,Financial Issue
I want to report: Street sweepers never come to our lane,Utility Issue,synthetic,want report street sweeper never come lane,Utility Issue
"Dear Sir, Official accepted bribe to overlook violations",Corruption,synthetic,dear sir official accepted bribe overlook violation,Corruption
There is a problem in our colony. Student grant money never arrived in bank,Financial Issue,synthetic,problem colony student grant money never arrived bank,Financial Issue
There is a problem in our colony. Pension officer claiming files are lost unless I pay him,Corruption,synthetic,problem colony pension officer claiming file lost unless pay,Corruption
Issue: Driving license renewal taking too long Please help.,Service Delay,synthetic,issue driving license renewal taking long please help,Service Delay
Issue: Sexual harassment by senior officer in the department Please help.,Harassment,synthetic,issue sexual harassment senior officer department please help,Harassment
Issue: Officer demanding percentage of my contract payment Please help.,Corruption,synthetic,issue officer demanding percentage contract payment please help,Corruption
I want to report: Contractor paid kickback to get the tender approved,Corruption,synthetic,want report contractor paid kickback get tender approved,Corruption
"Dear Sir, Stalking and intimidation at workplace",Harassment,synthetic,dear sir stalking intimidation workplace,Harassment
Issue: Broken street sign causing confusion Please help.,Utility Issue,synthetic,issue broken street sign causing confusion please help,Utility Issue
Requesting immediate action: Irrigation water diverted to big farms through bribery,Corruption,synthetic,requesting immediate action irrigation water diverted big farm bribery,Corruption
Urgent: Provident fund withdrawal stuck in system,Financial Issue,synthetic,urgent provident fund withdrawal stuck system,Financial Issue
I want to report: No security provided despite threat to life,Law Enforcement Issue,synthetic,want report security provided despite threat life,Law Enforcement Issue
Urgent: Land records update request ignored,Service Delay,synthetic,urgent land record update request ignored,Service Delay
"Dear Sir, Stray cattle causing traffic issues on main road",Utility Issue,synthetic,dear sir stray cattle causing traffic issue main road,Utility Issue
Requesting immediate action: My stolen phone was tracked but police wont go there,Law Enforcement Issue,synthetic,requesting immediate action stolen phone tracked police wont go,Law Enforcement Issue
"Dear Sir, Marriage certificate registration pending",Service Delay,synthetic,dear sir marriage certificate registration pending,Service Delay
Complaint regarding: Garbage bin overflowing in public park,Utility Issue,synthetic,complaint regarding garbage bin overflowing public park,Utility Issue
Serious problem: Police harassment during peaceful protest,Law Enforcement Issue,synthetic,serious problem police harassment peaceful protest,Law Enforcement Issue
I am facing a major issue. Inappropriate physical contact during work,Harassment,synthetic,facing major issue inappropriate physical contact work,Harassment
Urgent: Cyberbullying by colleagues on social media groups,Harassment,synthetic,urgent cyberbullying colleague social medium group,Harassment
Serious problem: Passport application pending for over six months,Service Delay,synthetic,serious problem passport application pending six month,Service Delay
Serious problem: Digital signature error preventing file upload for days,Service Delay,synthetic,serious problem digital signature error preventing file upload day,Service Delay
No update on application for housing scheme,Service Delay,synthetic,update application housing scheme,Service Delay
Requesting immediate action: Street flooding after every minor rain,Utility Issue,synthetic,requesting immediate action street flooding every minor rain,Utility Issue
There is a problem in our colony. Name correction in school records is taking ages,Service Delay,synthetic,problem colony name correction school record taking age,Service Delay
"Dear Sir, School principal asking for donation for admission",Corruption,synthetic,dear sir school principal asking donation admission,Corruption
Assault victim being pressurized to reach a settlement,Law Enforcement Issue,synthetic,assault victim pressurized reach settlement,Law Enforcement Issue
Issue: Nepotism in hiring at the municipal office Please help.,Corruption,synthetic,issue nepotism hiring municipal office please help,Corruption
Complaint regarding: Audit of the society reveals missing 5 million,Financial Issue,synthetic,complaint regarding audit society reveals missing million,Financial Issue
Complaint regarding: Facing threats from local goons with political connections,Harassment,synthetic,complaint regarding facing threat local goon political connection,Harassment
Issue: Failure to investigate suspicious death in my lane Please help.,Law Enforcement Issue,synthetic,issue failure investigate suspicious death lane please help,Law Enforcement Issue
Issue: Insurance claim rejected without valid reason Please help.,Financial Issue,synthetic,issue insurance claim rejected without valid reason please help,Financial Issue
There is a problem in our colony. Police officer using abusive language with citizens,Law Enforcement Issue,synthetic,problem colony police officer using abusive language citizen,Law Enforcement Issue
Complaint regarding: Refusal of leave for genuine medical emergency as punishment,Harassment,synthetic,complaint regarding refusal leave genuine medical emergency punishment,Harassment
Urgent: Bureaucratic hurdles in simple document verification,Service Delay,synthetic,urgent bureaucratic hurdle simple document verification,Service Delay
"Dear Sir, Hidden fees charged without disclosure",Financial Issue,synthetic,dear sir hidden fee charged without disclosure,Financial Issue
Serious problem: Account hacked and money stolen,Financial Issue,synthetic,serious problem account hacked money stolen,Financial Issue
"Dear Sir, Stock market fraud affecting my savings",Financial Issue,synthetic,dear sir stock market fraud affecting saving,Financial Issue
Complaint regarding: Failure to report crime by officer,Law Enforcement Issue,synthetic,complaint regarding failure report crime officer,Law Enforcement Issue
I want to report: Discriminated against based on my caste,Harassment,synthetic,want report discriminated based caste,Harassment
There is a problem in our colony. Unexplained fees for government services,Financial Issue,synthetic,problem colony unexplained fee government service,Financial Issue
I am facing a major issue. Electricity department worker asking for money to fix transformer,Corruption,synthetic,facing major issue electricity department worker asking money fix transformer,Corruption
I want to report: High voltage causing damage to appliances,Utility Issue,synthetic,want report high voltage causing damage appliance,Utility Issue
Complaint regarding: Corruption in local council office,Corruption,synthetic,complaint regarding corruption local council office,Corruption
Requesting immediate action: Tree branches touching transformers causing sparks,Utility Issue,synthetic,requesting immediate action tree branch touching transformer causing spark,Utility Issue
Aadhar card update pending for weeks,Service Delay,synthetic,aadhar card update pending week,Service Delay
"Dear Sir, Public shaming by official for small error",Harassment,synthetic,dear sir public shaming official small error,Harassment
Drug dealing in front of police station,Law Enforcement Issue,synthetic,drug dealing front police station,Law Enforcement Issue
Issue: Blackmail by someone with power Please help.,Harassment,synthetic,issue blackmail someone power please help,Harassment
Serious problem: Police brutality during questioning,Law Enforcement Issue,synthetic,serious problem police brutality questioning,Law Enforcement Issue
Requesting immediate action: Bureaucratic hurdles in simple document verification,Service Delay,synthetic,requesting immediate action bureaucratic hurdle simple document verification,Service Delay
Requesting immediate action: Witness intimidation not handled by police,Law Enforcement Issue,synthetic,requesting immediate action witness intimidation handled police,Law Enforcement Issue
"Dear Sir, Freedom fighter pension application hasn't moved for a year",Service Delay,synthetic,dear sir freedom fighter pension application moved year,Service Delay
Threatened by landlord who is a government servant,Harassment,synthetic,threatened landlord government servant,Harassment
Issue: Streetlights not working in our colony for weeks Please help.,Utility Issue,synthetic,issue streetlight working colony week please help,Utility Issue
Serious problem: Pension papers stuck in bureaucratic process,Service Delay,synthetic,serious problem pension paper stuck bureaucratic process,Service Delay
Complaint regarding: Officer asked for money under the table to clear my file,Corruption,synthetic,complaint regarding officer asked money table clear file,Corruption
Illegal weapons found but no investigation,Law Enforcement Issue,synthetic,illegal weapon found investigation,Law Enforcement Issue
I want to report: Marriage certificate registration pending,Service Delay,synthetic,want report marriage certificate registration pending,Service Delay
I want to report: Public shaming by official for small error,Harassment,synthetic,want report public shaming official small error,Harassment
I am facing a major issue. Public distribution system grain being sold in black market,Corruption,synthetic,facing major issue public distribution system grain sold black market,Corruption
I am facing a major issue. Failure to report crime by officer,Law Enforcement Issue,synthetic,facing major issue failure report crime officer,Law Enforcement Issue
I want to report: Incessant load shedding during summer,Utility Issue,synthetic,want report incessant load shedding summer,Utility Issue
Complaint regarding: Discrepancy in pension payments,Financial Issue,synthetic,complaint regarding discrepancy pension payment,Financial Issue
Verbal abuse from government official during visit,Harassment,synthetic,verbal abuse government official visit,Harassment
There is a problem in our colony. Public servants mocking my disability,Harassment,synthetic,problem colony public servant mocking disability,Harassment
There is a problem in our colony. False allegations made against me to get me fired,Harassment,synthetic,problem colony false allegation made get fired,Harassment
"Dear Sir, Incessant load shedding during summer",Utility Issue,synthetic,dear sir incessant load shedding summer,Utility Issue
Serious problem: Funds for poor people were stolen by local representative,Corruption,synthetic,serious problem fund poor people stolen local representative,Corruption
I am facing a major issue. Corruption in local council office,Corruption,synthetic,facing major issue corruption local council office,Corruption
There is a problem in our colony. Open manhole on the sidewalk is dangerous,Utility Issue,synthetic,problem colony open manhole sidewalk dangerous,Utility Issue
"Dear Sir, Contractor paid kickback to get the tender approved",Corruption,synthetic,dear sir contractor paid kickback get tender approved,Corruption
Serious problem: Customs officer asking for illegal fee,Corruption,synthetic,serious problem custom officer asking illegal fee,Corruption
Complaint regarding: Long waiting list for government surgery,Service Delay,synthetic,complaint regarding long waiting list government surgery,Service Delay
Issue: Open manhole on the sidewalk is dangerous Please help.,Utility Issue,synthetic,issue open manhole sidewalk dangerous please help,Utility Issue
Officer taking money to hide illegal construction,Corruption,synthetic,officer taking money hide illegal construction,Corruption
I am facing a major issue. Traffic sergeant took my license without a receipt,Law Enforcement Issue,synthetic,facing major issue traffic sergeant took license without receipt,Law Enforcement Issue
I am facing a major issue. Double billing for water supply,Financial Issue,synthetic,facing major issue double billing water supply,Financial Issue
Serious problem: Online harassment by government employee,Harassment,synthetic,serious problem online harassment government employee,Harassment
I am facing a major issue. Long waiting list for government surgery,Service Delay,synthetic,facing major issue long waiting list government surgery,Service Delay
Complaint regarding: Utility connection request pending for months,Service Delay,synthetic,complaint regarding utility connection request pending month,Service Delay
I want to report: File moving too slowly between departments,Service Delay,synthetic,want report file moving slowly department,Service Delay
Issue: Domestic abuse reported but no police arrival Please help.,Law Enforcement Issue,synthetic,issue domestic abuse reported police arrival please help,Law Enforcement Issue
Serious problem: Contaminated water coming from public pump,Utility Issue,synthetic,serious problem contaminated water coming public pump,Utility Issue
Issue: Bounced check from government department Please help.,Financial Issue,synthetic,issue bounced check government department please help,Financial Issue
"Dear Sir, High voltage causing damage to appliances",Utility Issue,synthetic,dear sir high voltage causing damage appliance,Utility Issue
Issue: Pension not credited to account for three months Please help.,Financial Issue,synthetic,issue pension credited account three month please help,Financial Issue
Funds for poor people were stolen by local representative,Corruption,synthetic,fund poor people stolen local representative,Corruption
Complaint regarding: Doctor at government hospital asking for money for treatment,Corruption,synthetic,complaint regarding doctor government hospital asking money treatment,Corruption
There is a problem in our colony. Blackmail by someone with power,Harassment,synthetic,problem colony blackmail someone power,Harassment
Complaint regarding: Crop insurance premium deducted but claim not paid,Financial Issue,synthetic,complaint regarding crop insurance premium deducted claim paid,Financial Issue
Urgent: Safety concerns at public place not addressed,Law Enforcement Issue,synthetic,urgent safety concern public place addressed,Law Enforcement Issue
Complaint regarding: Application lost in transit between offices,Service Delay,synthetic,complaint regarding application lost transit office,Service Delay
There is a problem in our colony. Facing discrimination due to my gender,Harassment,synthetic,problem colony facing discrimination due gender,Harassment
I am facing a major issue. No action taken on complaint filed last month,Service Delay,synthetic,facing major issue action taken complaint filed last month,Service Delay
Complaint regarding: Embezzlement of funds meant for welfare scheme,Corruption,synthetic,complaint regarding embezzlement fund meant welfare scheme,Corruption
I want to report: Police taking sides in property dispute,Law Enforcement Issue,synthetic,want report police taking side property dispute,Law Enforcement Issue
Complaint regarding: Portal is showing processing for the last 90 days,Service Delay,synthetic,complaint regarding portal showing processing last day,Service Delay
Fraudulent billing by government contractor,Corruption,synthetic,fraudulent billing government contractor,Corruption
Water tank is never cleaned and full of moss,Utility Issue,synthetic,water tank never cleaned full moss,Utility Issue
There is a problem in our colony. Sexual harassment by senior officer in the department,Harassment,synthetic,problem colony sexual harassment senior officer department,Harassment
Requesting immediate action: Local leader using thugs to grab my ancestor's land,Harassment,synthetic,requesting immediate action local leader using thug grab ancestor land,Harassment
Requesting immediate action: Toxic waste being dumped into the local pond,Utility Issue,synthetic,requesting immediate action toxic waste dumped local pond,Utility Issue
I want to report: Building permit application pending for a year,Service Delay,synthetic,want report building permit application pending year,Service Delay
Requesting immediate action: Service tax charged after it was abolished,Financial Issue,synthetic,requesting immediate action service tax charged abolished,Financial Issue
Requesting immediate action: Illegal sand mining allowed after paying minor officials,Corruption,synthetic,requesting immediate action illegal sand mining allowed paying minor official,Corruption
I am facing a major issue. Utility connection request pending for months,Service Delay,synthetic,facing major issue utility connection request pending month,Service Delay
"Dear Sir, Electricity meter showing wrong readings",Utility Issue,synthetic,dear sir electricity meter showing wrong reading,Utility Issue
Urgent: Tree branches touching transformers causing sparks,Utility Issue,synthetic,urgent tree branch touching transformer causing spark,Utility Issue
Requesting immediate action: Credit card charged for services not availed,Financial Issue,synthetic,requesting immediate action credit card charged service availed,Financial Issue
I am facing a major issue. Portal is showing processing for the last 90 days,Service Delay,synthetic,facing major issue portal showing processing last day,Service Delay
"Dear Sir, No action against repeated domestic violence",Law Enforcement Issue,synthetic,dear sir action repeated domestic violence,Law Enforcement Issue
Complaint regarding: Double billing for water supply,Financial Issue,synthetic,complaint regarding double billing water supply,Financial Issue
Issue: Religious discrimination in public service Please help.,Harassment,synthetic,issue religious discrimination public service please help,Harassment
I want to report: Bank refusing to process my loan application,Financial Issue,synthetic,want report bank refusing process loan application,Financial Issue
Complaint regarding: Loud noise from illegal factory in residential zone,Utility Issue,synthetic,complaint regarding loud noise illegal factory residential zone,Utility Issue
Serious problem: No water supply in our area for the past three days,Utility Issue,synthetic,serious problem water supply area past three day,Utility Issue
Complaint regarding: Threatened with termination for filing complaint,Harassment,synthetic,complaint regarding threatened termination filing complaint,Harassment
Police harassment during peaceful protest,Law Enforcement Issue,synthetic,police harassment peaceful protest,Law Enforcement Issue
Requesting immediate action: Inadequate security for public events,Law Enforcement Issue,synthetic,requesting immediate action inadequate security public event,Law Enforcement Issue
There is a problem in our colony. Failure to investigate suspicious death in my lane,Law Enforcement Issue,synthetic,problem colony failure investigate suspicious death lane,Law Enforcement Issue
Requesting immediate action: Abuse of authority to target personal enemies,Harassment,synthetic,requesting immediate action abuse authority target personal enemy,Harassment
Urgent: Municipal council taking too long for garbage pickup,Service Delay,synthetic,urgent municipal council taking long garbage pickup,Service Delay
Urgent: Illegal recruitment process in government department,Corruption,synthetic,urgent illegal recruitment process government department,Corruption
Issue: Pension officer claiming files are lost unless I pay him Please help.,Corruption,synthetic,issue pension officer claiming file lost unless pay please help,Corruption
I want to report: Drought relief fund not distributed correctly,Financial Issue,synthetic,want report drought relief fund distributed correctly,Financial Issue
There is a problem in our colony. Delay in processing student scholarship,Service Delay,synthetic,problem colony delay processing student scholarship,Service Delay
Serious problem: Aadhar card update pending for weeks,Service Delay,synthetic,serious problem aadhar card update pending week,Service Delay
Requesting immediate action: Malfunctioning traffic lights at main crossing,Utility Issue,synthetic,requesting immediate action malfunctioning traffic light main crossing,Utility Issue
Serious problem: Sewer lines are choked and backing up into basements,Utility Issue,synthetic,serious problem sewer line choked backing basement,Utility Issue
I am facing a major issue. Embezzlement of funds meant for welfare scheme,Corruption,synthetic,facing major issue embezzlement fund meant welfare scheme,Corruption
Urgent: Fake vouchers submitted for government travel reimbursement,Corruption,synthetic,urgent fake voucher submitted government travel reimbursement,Corruption
There is a problem in our colony. Security clearance for employment is taking forever,Service Delay,synthetic,problem colony security clearance employment taking forever,Service Delay
Urgent: Forced into overtime without pay through threats,Harassment,synthetic,urgent forced overtime without pay threat,Harassment
Urgent: Health card issuance delayed,Service Delay,synthetic,urgent health card issuance delayed,Service Delay
Requesting immediate action: Safety concerns at public place not addressed,Law Enforcement Issue,synthetic,requesting immediate action safety concern public place addressed,Law Enforcement Issue
Serious problem: Fraudulent billing by government contractor,Corruption,synthetic,serious problem fraudulent billing government contractor,Corruption
I want to report: Mental health issues caused by toxic workspace,Harassment,synthetic,want report mental health issue caused toxic workspace,Harassment
Urgent: Property registration delayed without explanation,Service Delay,synthetic,urgent property registration delayed without explanation,Service Delay
Serious problem: Illegal weapons found but no investigation,Law Enforcement Issue,synthetic,serious problem illegal weapon found investigation,Law Enforcement Issue
Issue: Illegal activities in neighborhood ignored by police Please help.,Law Enforcement Issue,synthetic,issue illegal activity neighborhood ignored police please help,Law Enforcement Issue
I am facing a major issue. Failure to serve court summons,Law Enforcement Issue,synthetic,facing major issue failure serve court summons,Law Enforcement Issue
"Dear Sir, Call center for grievances never picks up the phone",Service Delay,synthetic,dear sir call center grievance never pick phone,Service Delay
Complaint regarding: Public distribution system grain being sold in black market,Corruption,synthetic,complaint regarding public distribution system grain sold black market,Corruption
There is a problem in our colony. Domestic abuse reported but no police arrival,Law Enforcement Issue,synthetic,problem colony domestic abuse reported police arrival,Law Enforcement Issue
There is a problem in our colony. Funds allocated for school being stolen by officials,Corruption,synthetic,problem colony fund allocated school stolen official,Corruption
"Dear Sir, Illegal search and seizure without warrant",Law Enforcement Issue,synthetic,dear sir illegal search seizure without warrant,Law Enforcement Issue
Requesting immediate action: Illegal commission charged for permit approval,Corruption,synthetic,requesting immediate action illegal commission charged permit approval,Corruption
Serious problem: Subsidies promised are not reaching my account,Financial Issue,synthetic,serious problem subsidy promised reaching account,Financial Issue
Death certificate application is stuck for 40 days,Service Delay,synthetic,death certificate application stuck day,Service Delay
"Dear Sir, No security provided despite threat to life",Law Enforcement Issue,synthetic,dear sir security provided despite threat life,Law Enforcement Issue
Urgent: Misuse of public funds in road construction project,Corruption,synthetic,urgent misuse public fund road construction project,Corruption
I want to report: Call center for grievances never picks up the phone,Service Delay,synthetic,want report call center grievance never pick phone,Service Delay
Requesting immediate action: Waiting for approval of hospital bill reimbursement,Service Delay,synthetic,requesting immediate action waiting approval hospital bill reimbursement,Service Delay
Urgent: Inadequate security for public events,Law Enforcement Issue,synthetic,urgent inadequate security public event,Law Enforcement Issue
I am facing a major issue. Methane leak from neighborhood landfill,Utility Issue,synthetic,facing major issue methane leak neighborhood landfill,Utility Issue
Requesting immediate action: Error in interest calculation for mortgage,Financial Issue,synthetic,requesting immediate action error interest calculation mortgage,Financial Issue
Serious problem: Inordinate delay in processing industrial permit,Service Delay,synthetic,serious problem inordinate delay processing industrial permit,Service Delay
Police not registering FIR for theft complaint,Law Enforcement Issue,synthetic,police registering fir theft complaint,Law Enforcement Issue
Pension papers stuck in bureaucratic process,Service Delay,synthetic,pension paper stuck bureaucratic process,Service Delay
I am facing a major issue. Facing threats from local goons with political connections,Harassment,synthetic,facing major issue facing threat local goon political connection,Harassment
I am facing a major issue. Birth certificate not issued despite multiple visits,Service Delay,synthetic,facing major issue birth certificate issued despite multiple visit,Service Delay
Urgent: Waiting for approval of hospital bill reimbursement,Service Delay,synthetic,urgent waiting approval hospital bill reimbursement,Service Delay
Issue: Police officer using abusive language with citizens Please help.,Law Enforcement Issue,synthetic,issue police officer using abusive language citizen please help,Law Enforcement Issue
Complaint regarding: Electricity department worker asking for money to fix transformer,Corruption,synthetic,complaint regarding electricity department worker asking money fix transformer,Corruption
Subsidies promised are not reaching my account,Financial Issue,synthetic,subsidy promised reaching account,Financial Issue
Customs officer asking for illegal fee,Corruption,synthetic,custom officer asking illegal fee,Corruption
I want to report: Official accepted bribe to overlook violations,Corruption,synthetic,want report official accepted bribe overlook violation,Corruption
Requesting immediate action: Embezzlement detection in local branch,Financial Issue,synthetic,requesting immediate action embezzlement detection local branch,Financial Issue
I want to report: Voter list manipulation by election officers,Corruption,synthetic,want report voter list manipulation election officer,Corruption
Complaint regarding: Illegal gambling den running with local police support,Law Enforcement Issue,synthetic,complaint regarding illegal gambling den running local police support,Law Enforcement Issue
There is a problem in our colony. Dust pollution from construction site without covers,Utility Issue,synthetic,problem colony dust pollution construction site without cover,Utility Issue
"Dear Sir, Trade license renewal taking forever",Service Delay,synthetic,dear sir trade license renewal taking forever,Service Delay
There is a problem in our colony. Corruption within the police department,Law Enforcement Issue,synthetic,problem colony corruption within police department,Law Enforcement Issue
Refund not processed for cancelled service,Financial Issue,synthetic,refund processed cancelled service,Financial Issue
Urgent: Toxic waste being dumped into the local pond,Utility Issue,synthetic,urgent toxic waste dumped local pond,Utility Issue
Complaint regarding: Denial of promotion due to personal grudge,Harassment,synthetic,complaint regarding denial promotion due personal grudge,Harassment
Overcharged on electricity bill this month,Financial Issue,synthetic,overcharged electricity bill month,Financial Issue
Serious problem: Bribe requested for passport verification,Corruption,synthetic,serious problem bribe requested passport verification,Corruption
Mental torture by management,Harassment,synthetic,mental torture management,Harassment
Serious problem: Thieves broke in but police said it was a small matter,Law Enforcement Issue,synthetic,serious problem thief broke police said small matter,Law Enforcement Issue
I want to report: Hidden fees charged without disclosure,Financial Issue,synthetic,want report hidden fee charged without disclosure,Financial Issue
Urgent: Witness intimidation not handled by police,Law Enforcement Issue,synthetic,urgent witness intimidation handled police,Law Enforcement Issue
Urgent: Embezzlement detection in local branch,Financial Issue,synthetic,urgent embezzlement detection local branch,Financial Issue
Urgent: Bullying and intimidation by colleagues,Harassment,synthetic,urgent bullying intimidation colleague,Harassment
Requesting immediate action: Traffic sergeant demanding money for no reason,Corruption,synthetic,requesting immediate action traffic sergeant demanding money reason,Corruption
There is a problem in our colony. Illegal activities in neighborhood ignored by police,Law Enforcement Issue,synthetic,problem colony illegal activity neighborhood ignored police,Law Enforcement Issue
Serious problem: Refund not processed for cancelled service,Financial Issue,synthetic,serious problem refund processed cancelled service,Financial Issue
I am facing a major issue. Loud noise from illegal factory in residential zone,Utility Issue,synthetic,facing major issue loud noise illegal factory residential zone,Utility Issue
Urgent: Police vehicle used for personal errands while calls pending,Law Enforcement Issue,synthetic,urgent police vehicle used personal errand call pending,Law Enforcement Issue
I want to report: Fake accounts used to siphon off welfare money,Financial Issue,synthetic,want report fake account used siphon welfare money,Financial Issue
Issue: Public servants mocking my disability Please help.,Harassment,synthetic,issue public servant mocking disability please help,Harassment
I want to report: Stalking and intimidation at workplace,Harassment,synthetic,want report stalking intimidation workplace,Harassment
I want to report: Failure to pay contract workers on time,Financial Issue,synthetic,want report failure pay contract worker time,Financial Issue
Serious problem: Overcharged on electricity bill this month,Financial Issue,synthetic,serious problem overcharged electricity bill month,Financial Issue
Complaint regarding: Audit findings show financial discrepancy,Financial Issue,synthetic,complaint regarding audit finding show financial discrepancy,Financial Issue
"Dear Sir, Intimidation to withdraw legal case",Harassment,synthetic,dear sir intimidation withdraw legal case,Harassment
Issue: False allegations made against me to get me fired Please help.,Harassment,synthetic,issue false allegation made get fired please help,Harassment
I want to report: Frequent power outages affecting our neighborhood,Utility Issue,synthetic,want report frequent power outage affecting neighborhood,Utility Issue
Requesting immediate action: Municipal council taking too long for garbage pickup,Service Delay,synthetic,requesting immediate action municipal council taking long garbage pickup,Service Delay
Online harassment by government employee,Harassment,synthetic,online harassment government employee,Harassment
"Dear Sir, Government employee asking for extra money for service",Corruption,synthetic,dear sir government employee asking extra money service,Corruption
I am facing a major issue. Doctor at government hospital asking for money for treatment,Corruption,synthetic,facing major issue doctor government hospital asking money treatment,Corruption
Serious problem: Government official demanded bribe for processing my application,Corruption,synthetic,serious problem government official demanded bribe processing application,Corruption
Serious problem: Supervisor making inappropriate comments at workplace,Harassment,synthetic,serious problem supervisor making inappropriate comment workplace,Harassment
Serious problem: Harassment of small business owners by officials,Harassment,synthetic,serious problem harassment small business owner official,Harassment
Urgent: Local leader using thugs to grab my ancestor's land,Harassment,synthetic,urgent local leader using thug grab ancestor land,Harassment
Requesting immediate action: Gender-based violence ignored by supervisor,Harassment,synthetic,requesting immediate action gender based violence ignored supervisor,Harassment
Complaint regarding: Lack of police patrolling at night,Law Enforcement Issue,synthetic,complaint regarding lack police patrolling night,Law Enforcement Issue
Passport application pending for over six months,Service Delay,synthetic,passport application pending six month,Service Delay
Serious problem: Water smells like chemicals in our taps,Utility Issue,synthetic,serious problem water smell like chemical tap,Utility Issue
Requesting immediate action: Missing child case handled poorly,Law Enforcement Issue,synthetic,requesting immediate action missing child case handled poorly,Law Enforcement Issue
I am facing a major issue. Public land sold illegally by corrupted officials,Corruption,synthetic,facing major issue public land sold illegally corrupted official,Corruption
Complaint regarding: Methane leak from neighborhood landfill,Utility Issue,synthetic,complaint regarding methane leak neighborhood landfill,Utility Issue
Serious problem: Police not registering FIR for theft complaint,Law Enforcement Issue,synthetic,serious problem police registering fir theft complaint,Law Enforcement Issue
"Dear Sir, Building permit application pending for a year",Service Delay,synthetic,dear sir building permit application pending year,Service Delay
Thieves broke in but police said it was a small matter,Law Enforcement Issue,synthetic,thief broke police said small matter,Law Enforcement Issue
Urgent: My stolen phone was tracked but police wont go there,Law Enforcement Issue,synthetic,urgent stolen phone tracked police wont go,Law Enforcement Issue
Requesting immediate action: Bullying and intimidation by colleagues,Harassment,synthetic,requesting immediate action bullying intimidation colleague,Harassment
"Dear Sir, Police taking sides in property dispute",Law Enforcement Issue,synthetic,dear sir police taking side property dispute,Law Enforcement Issue
Urgent: Illegal sand mining allowed after paying minor officials,Corruption,synthetic,urgent illegal sand mining allowed paying minor official,Corruption
I want to report: Tax inspector demanding bribe to reduce assessment,Corruption,synthetic,want report tax inspector demanding bribe reduce assessment,Corruption
